url_path,views_total,views_unique
/arras-energy/gridlabd-old,94,38
/arras-energy/gridlabd-old/blob/master/documents/Powell%20et%20al%2C%20Fast%20Solutions%20in%20Power%20Systems%20Simulation%20through%20Coupling%20with%20a%20Data%20Driven%20Power%20Flow%20Model%20for%20Voltage%20Estimation%20(2019).pdf,4,2
/arras-energy/gridlabd-old/tree/master/documents,4,1
/arras-energy/gridlabd-old/releases,3,1
/arras-energy/gridlabd-old/tree/master/docker,3,1
/arras-energy/gridlabd-old/pull/5,2,1
/arras-energy/gridlabd-old/tree/master,2,1
/arras-energy/gridlabd-old/tree/master/python,2,1
/arras-energy/gridlabd-old/actions,1,1
/arras-energy/gridlabd-old/commit/3fd55b7426a2994dd5f73e41babbfb414a66f7a2,1,1
